CustomerID,Age,Gender,Income,Purchases,Purchase_Frequency,Region,Churn
1,56.0,Female,71492.0,42.0,2,East,0
2,46.0,Male,111722.0,47.0,6,North,0
3,32.0,Female,62684.0,30.0,7,North,0
4,60.0,Male,45111.0,41.0,5,South,1
5,,Female,78936.0,34.0,3,South,0
6,38.0,Male,,37.0,4,South,1
7,56.0,Male,107260.0,6.0,4,South,0
8,36.0,Female,56991.0,7.0,6,North,1
9,40.0,Male,85476.0,32.0,1,West,1
10,28.0,Female,75920.0,32.0,4,South,0
11,28.0,Male,109294.0,25.0,4,West,1
12,41.0,Female,78530.0,33.0,1,South,0
13,53.0,Female,51224.0,7.0,9,East,1
14,57.0,Female,22788.0,12.0,4,South,1
15,41.0,Female,43082.0,16.0,7,South,1
16,20.0,Male,,16.0,3,South,0
17,39.0,Male,,43.0,3,North,1
18,,Female,91816.0,36.0,8,East,0
19,41.0,Female,98588.0,13.0,8,South,1
20,61.0,Female,,7.0,1,South,1
21,47.0,Male,103340.0,36.0,2,West,1
22,,Male,109439.0,,8,East,1
23,19.0,Male,59857.0,9.0,1,South,1
24,38.0,Male,25142.0,32.0,8,West,1
25,50.0,Female,63355.0,11.0,8,West,0
26,29.0,Female,24866.0,8.0,2,North,0
27,39.0,Female,85067.0,33.0,4,West,0
28,61.0,Male,118634.0,,6,South,1
29,42.0,Male,118814.0,25.0,9,North,0
30,44.0,Male,79027.0,8.0,8,North,1
31,59.0,Female,72906.0,45.0,8,South,0
32,45.0,Female,43138.0,,7,East,0
33,33.0,Male,,,9,West,1
34,,Female,44956.0,40.0,2,North,1
35,64.0,Male,119797.0,3.0,3,East,0
36,,Male,91295.0,29.0,8,South,0
37,20.0,Female,20439.0,,6,West,0
38,54.0,Male,62241.0,29.0,9,West,0
39,24.0,Female,57533.0,34.0,4,North,1
40,,Male,43270.0,34.0,8,West,0
41,26.0,Female,93815.0,,3,West,1
42,56.0,Female,54279.0,13.0,3,West,1
43,35.0,Female,38888.0,15.0,8,West,0
44,21.0,Male,32630.0,23.0,5,South,1
45,42.0,Male,76063.0,44.0,3,East,0
46,31.0,Female,,26.0,1,South,1
47,26.0,Female,67161.0,4.0,3,South,1
48,43.0,Male,111718.0,26.0,9,North,0
49,19.0,Male,106074.0,40.0,5,West,1
50,37.0,Male,,9.0,2,South,1
51,45.0,Female,65979.0,5.0,7,West,0
52,64.0,Male,112661.0,32.0,2,South,1
53,24.0,Male,21979.0,20.0,4,South,1
54,61.0,Female,41189.0,11.0,7,North,0
55,25.0,Male,57600.0,15.0,4,East,0
56,64.0,Male,74560.0,,7,East,1
57,52.0,Male,93040.0,28.0,7,South,1
58,31.0,Female,76558.0,22.0,1,North,1
59,34.0,Female,101205.0,,6,West,0
60,53.0,Female,21910.0,17.0,9,West,1
61,57.0,Female,72713.0,26.0,2,South,1
62,21.0,Female,61857.0,44.0,3,East,1
63,19.0,Female,49964.0,7.0,5,North,1
64,23.0,Female,100667.0,42.0,9,East,1
65,59.0,Male,40227.0,26.0,4,West,1
66,21.0,Male,20978.0,25.0,1,East,0
67,46.0,Female,,10.0,4,West,0
68,35.0,Male,32153.0,45.0,6,North,1
69,43.0,Male,74765.0,19.0,5,North,1
70,61.0,Female,114084.0,11.0,1,South,0
71,51.0,Male,,13.0,4,South,0
72,27.0,Male,84519.0,8.0,6,East,0
73,53.0,Male,,40.0,4,North,1
74,31.0,Male,75703.0,4.0,9,North,1
75,,Male,79379.0,47.0,5,South,1
76,32.0,Female,110457.0,31.0,8,West,1
77,25.0,Female,72866.0,28.0,9,East,0
78,31.0,Female,,11.0,5,East,0
79,40.0,Male,,43.0,6,South,0
80,57.0,Female,73279.0,1.0,1,North,0
81,38.0,Male,104489.0,49.0,7,South,1
82,33.0,Male,41806.0,47.0,4,South,1
83,62.0,Male,60000.0,38.0,2,South,0
84,35.0,Male,37168.0,24.0,5,South,0
85,64.0,Female,85119.0,47.0,3,West,0
86,41.0,Female,53714.0,31.0,6,West,0
87,43.0,Male,69093.0,41.0,8,North,0
88,42.0,Female,70419.0,46.0,7,South,1
89,62.0,Male,64145.0,26.0,3,West,1
90,58.0,Female,92425.0,49.0,8,North,0
91,46.0,Female,107949.0,5.0,2,South,0
92,32.0,Male,92811.0,,9,East,0
93,62.0,Female,17461.0,41.0,4,West,1
94,18.0,Male,29291.0,11.0,1,North,1
95,42.0,Female,61804.0,33.0,8,East,1
96,24.0,Male,91971.0,38.0,7,South,0
97,26.0,Male,108471.0,27.0,5,South,1
98,,Female,79946.0,,5,South,0
99,18.0,Female,113989.0,15.0,7,West,1
100,61.0,Male,99080.0,32.0,5,North,1
101,25.0,Female,76332.0,21.0,8,East,1
102,41.0,Female,92794.0,46.0,6,North,0
103,28.0,Male,,,5,West,0
104,34.0,Male,63758.0,6.0,9,North,1
105,25.0,Female,91272.0,,2,West,0
106,52.0,Male,,22.0,1,South,0
107,52.0,Male,65408.0,18.0,8,East,0
108,50.0,Male,58950.0,14.0,3,South,0
109,22.0,Female,,10.0,7,North,0
110,59.0,Female,,46.0,8,South,0
111,56.0,Male,43044.0,13.0,6,East,0
112,58.0,Female,30997.0,31.0,9,South,1
113,45.0,Male,94751.0,30.0,7,East,0
114,24.0,Female,,3.0,5,East,0
115,26.0,Male,38911.0,30.0,8,South,1
116,25.0,Male,70533.0,6.0,2,West,1
117,29.0,Female,,29.0,7,North,1
118,51.0,Male,109870.0,8.0,4,West,1
119,50.0,Female,29571.0,,9,West,0
120,40.0,Female,109463.0,45.0,1,South,1
121,41.0,Male,72941.0,43.0,7,North,1
122,54.0,Male,73005.0,44.0,6,North,0
123,52.0,Female,101250.0,,8,West,0
124,61.0,Male,,17.0,5,South,0
125,57.0,Male,58541.0,48.0,1,North,1
126,39.0,Male,,11.0,1,West,0
127,44.0,Male,108980.0,13.0,9,North,1
128,52.0,Male,63908.0,11.0,6,South,0
129,18.0,Female,100457.0,31.0,5,South,0
130,52.0,Female,,28.0,1,South,1
131,54.0,Male,79028.0,44.0,6,North,0
132,64.0,Male,70731.0,6.0,6,East,0
133,31.0,Male,39858.0,41.0,3,North,0
134,20.0,Female,63689.0,16.0,8,East,0
135,18.0,Male,59638.0,4.0,1,South,0
136,,Female,106598.0,35.0,1,West,1
137,43.0,Female,117386.0,48.0,6,East,1
138,31.0,Female,61486.0,26.0,1,South,0
139,56.0,Male,35567.0,12.0,6,South,1
140,,Female,44739.0,11.0,1,East,1
141,26.0,Male,72804.0,37.0,6,West,1
142,32.0,Female,18754.0,25.0,3,South,0
143,,Male,42044.0,18.0,8,East,0
144,43.0,Female,82260.0,19.0,6,West,0
145,59.0,Male,81912.0,23.0,1,West,1
146,30.0,Female,23706.0,38.0,5,South,1
147,49.0,Male,23894.0,,8,North,0
148,56.0,Male,33037.0,,3,North,0
149,49.0,Male,98986.0,6.0,6,South,1
150,21.0,Male,96942.0,4.0,5,West,1
151,47.0,Female,66612.0,44.0,6,South,0
152,54.0,Female,,29.0,1,East,1
153,,Male,,,7,North,1
154,56.0,Female,119555.0,17.0,9,East,1
155,62.0,Male,24496.0,43.0,2,South,1
156,32.0,Male,71447.0,43.0,5,South,1
157,60.0,Female,116604.0,16.0,4,West,1
158,46.0,Male,44806.0,,6,West,1
159,53.0,Male,103199.0,34.0,6,West,0
160,30.0,Female,56321.0,8.0,2,East,0
161,49.0,Male,117031.0,13.0,2,West,1
162,24.0,Male,80095.0,42.0,4,South,1
163,39.0,Male,37656.0,8.0,1,West,1
164,45.0,Male,70147.0,30.0,9,North,0
165,19.0,Female,106396.0,32.0,7,West,0
166,59.0,Female,64666.0,,7,East,1
167,62.0,Female,97368.0,47.0,3,North,0
168,23.0,Male,53787.0,30.0,3,North,1
169,45.0,Male,77946.0,,1,North,1
170,45.0,Female,36727.0,,3,East,1
171,61.0,Male,110081.0,39.0,3,South,1
172,61.0,Male,83056.0,17.0,4,West,1
173,37.0,Male,18081.0,20.0,4,North,1
174,47.0,Male,49196.0,24.0,3,North,1
175,28.0,Female,51735.0,22.0,8,North,0
176,45.0,Female,119749.0,29.0,8,South,1
177,42.0,Female,95102.0,,1,South,0
178,56.0,Male,94578.0,44.0,7,East,1
179,50.0,Female,40498.0,9.0,2,South,1
180,18.0,Female,91865.0,37.0,1,West,0
181,44.0,Male,46656.0,10.0,3,East,0
182,,Male,82695.0,,4,East,1
183,58.0,Female,52900.0,,6,West,0
184,20.0,Female,99899.0,,5,West,1
185,,Female,62701.0,28.0,4,West,1
186,23.0,Female,34033.0,42.0,8,East,0
187,25.0,Male,25805.0,43.0,4,East,0
188,44.0,Female,50851.0,21.0,2,East,0
189,26.0,Female,41832.0,,3,West,0
190,,Male,78437.0,,6,West,1
191,50.0,Female,28944.0,40.0,8,North,0
192,59.0,Male,34873.0,2.0,8,South,0
193,61.0,Male,55372.0,8.0,9,North,0
194,41.0,Male,104464.0,48.0,7,West,0
195,32.0,Female,30379.0,27.0,2,East,0
196,49.0,Female,51751.0,22.0,8,West,1
197,49.0,Male,115082.0,,7,South,1
198,41.0,Female,104822.0,27.0,8,North,0
199,58.0,Female,,29.0,3,North,0
200,29.0,Male,69341.0,,7,East,1
201,56.0,Male,27087.0,44.0,9,North,0
202,19.0,Female,38762.0,13.0,3,North,1
203,20.0,Male,97617.0,,6,West,1
204,54.0,Female,115483.0,10.0,2,North,0
205,34.0,Female,24596.0,36.0,2,North,1
206,19.0,Female,118555.0,9.0,5,North,0
207,19.0,Female,33313.0,27.0,5,East,0
208,45.0,Male,81549.0,34.0,7,East,1
209,40.0,Male,,1.0,2,West,1
210,54.0,Male,82364.0,32.0,7,North,0
211,49.0,Male,88445.0,,5,East,1
212,50.0,Female,118892.0,29.0,6,East,0
213,18.0,Female,93645.0,7.0,8,West,1
214,36.0,Male,,49.0,4,South,1
215,19.0,Female,74796.0,3.0,7,North,0
216,61.0,Female,95073.0,20.0,6,East,0
217,43.0,Female,107197.0,20.0,2,West,0
218,49.0,Male,79429.0,30.0,8,West,1
219,23.0,Male,119195.0,35.0,9,West,0
220,49.0,Male,76627.0,35.0,5,East,0
221,21.0,Female,48848.0,49.0,4,North,1
222,28.0,Male,52804.0,,6,South,1
223,34.0,Male,30379.0,,8,North,0
224,55.0,Male,74664.0,26.0,3,West,0
225,41.0,Male,42766.0,,1,West,0
226,22.0,Male,83099.0,17.0,4,South,0
227,51.0,Male,51060.0,18.0,4,North,1
228,23.0,Female,109733.0,45.0,1,West,1
229,39.0,Female,84122.0,29.0,9,West,0
230,28.0,Male,,20.0,3,North,0
231,,Male,63868.0,27.0,5,West,0
232,50.0,Female,38225.0,18.0,6,North,1
233,26.0,Female,110286.0,4.0,8,West,0
234,23.0,Male,21643.0,1.0,6,North,0
235,33.0,Male,108059.0,1.0,3,South,1
236,46.0,Male,51727.0,26.0,6,West,1
237,20.0,Male,,45.0,1,South,0
238,37.0,Female,80697.0,,4,West,0
239,53.0,Male,31029.0,23.0,6,West,1
240,36.0,Male,29226.0,10.0,7,East,0
241,43.0,Male,78646.0,,3,North,0
242,20.0,Male,75603.0,,9,South,1
243,36.0,Female,43731.0,,7,South,1
244,37.0,Female,83926.0,,1,South,1
245,49.0,Female,20997.0,1.0,2,North,0
246,24.0,Male,70506.0,17.0,1,East,1
247,58.0,Male,93229.0,22.0,9,South,1
248,50.0,Female,64815.0,34.0,9,North,0
249,57.0,Male,57092.0,45.0,7,West,0
250,,Male,77539.0,41.0,3,South,1
251,,Female,81077.0,29.0,5,South,1
252,,Female,36817.0,4.0,4,East,0
253,18.0,Female,52861.0,5.0,7,South,0
254,28.0,Female,28428.0,11.0,9,South,1
255,45.0,Male,58934.0,21.0,2,West,1
256,,Male,25258.0,35.0,8,North,0
257,40.0,Female,72775.0,12.0,9,North,1
258,48.0,Male,96580.0,26.0,9,East,0
259,47.0,Female,109947.0,19.0,7,West,1
260,59.0,Female,20469.0,45.0,9,North,0
261,52.0,Male,43854.0,7.0,9,West,0
262,,Female,21256.0,47.0,3,North,1
263,,Male,,7.0,4,West,1
264,43.0,Male,48937.0,26.0,2,East,0
265,19.0,Male,114134.0,40.0,3,South,1
266,18.0,Male,16651.0,5.0,5,East,1
267,29.0,Female,65288.0,21.0,5,North,1
268,22.0,Male,99730.0,14.0,6,East,0
269,54.0,Female,40051.0,4.0,7,South,1
270,49.0,Female,42386.0,23.0,7,East,1
271,26.0,Female,90054.0,42.0,1,North,0
272,58.0,Female,31184.0,20.0,2,North,1
273,52.0,Male,48787.0,15.0,9,East,1
274,36.0,Male,36621.0,45.0,2,South,0
275,33.0,Female,,29.0,6,East,0
276,20.0,Female,92984.0,8.0,1,South,1
277,37.0,Male,74792.0,41.0,3,West,1
278,41.0,Female,60253.0,48.0,2,South,0
279,50.0,Male,49051.0,19.0,3,West,0
280,41.0,Female,64811.0,48.0,5,East,1
281,28.0,Male,45447.0,,6,South,1
282,25.0,Female,98930.0,46.0,9,West,1
283,53.0,Female,115037.0,28.0,4,West,0
284,,Male,,46.0,7,West,1
285,57.0,Female,99045.0,27.0,6,North,0
286,,Female,72418.0,4.0,2,East,0
287,52.0,Male,29472.0,15.0,8,West,0
288,42.0,Female,18471.0,35.0,7,South,1
289,52.0,Male,110804.0,37.0,7,West,1
290,42.0,Male,,1.0,8,North,1
291,46.0,Female,49865.0,3.0,1,East,0
292,35.0,Female,61850.0,,1,North,1
293,63.0,Female,69220.0,24.0,8,North,0
294,35.0,Female,,27.0,4,North,0
295,19.0,Female,,40.0,5,South,0
296,52.0,Female,112909.0,36.0,8,East,0
297,33.0,Female,50525.0,34.0,5,East,0
298,58.0,Male,68072.0,,4,South,0
299,53.0,Female,105106.0,,6,East,1
300,50.0,Male,98820.0,24.0,5,North,0
301,,Female,99530.0,42.0,7,East,1
302,50.0,Female,38284.0,,7,South,0
303,31.0,Male,76330.0,3.0,4,North,1
304,38.0,Female,98369.0,34.0,5,South,1
305,37.0,Female,,49.0,3,West,1
306,25.0,Male,85553.0,23.0,4,North,1
307,24.0,Female,96906.0,23.0,4,North,0
308,20.0,Female,109788.0,45.0,3,East,0
309,34.0,Female,77812.0,5.0,5,North,0
310,50.0,Male,22999.0,31.0,5,South,0
311,29.0,Female,37436.0,,7,East,1
312,,Female,57963.0,6.0,4,West,1
313,39.0,Female,17096.0,37.0,4,South,1
314,63.0,Female,40279.0,10.0,9,West,0
315,47.0,Male,,40.0,6,West,1
316,55.0,Male,34715.0,7.0,4,West,0
317,55.0,Female,44309.0,39.0,2,North,1
318,,Female,30078.0,38.0,6,South,1
319,,Male,71614.0,21.0,2,South,1
320,44.0,Male,20105.0,20.0,5,North,1
321,44.0,Female,109848.0,3.0,6,East,1
322,51.0,Male,17839.0,22.0,4,West,0
323,38.0,Female,83920.0,47.0,3,South,1
324,47.0,Male,58619.0,4.0,7,North,0
325,50.0,Male,57821.0,28.0,2,West,0
326,,Male,28493.0,12.0,6,East,0
327,64.0,Male,32069.0,38.0,4,East,0
328,50.0,Female,,36.0,6,West,0
329,22.0,Male,52051.0,47.0,4,East,0
330,36.0,Male,22736.0,41.0,4,South,0
331,21.0,Female,22710.0,5.0,4,South,0
332,52.0,Male,82155.0,13.0,9,South,1
333,34.0,Male,28975.0,,7,East,1
334,61.0,Female,77424.0,30.0,3,South,0
335,45.0,Male,60603.0,,3,North,0
336,47.0,Female,38252.0,25.0,6,South,0
337,46.0,Female,95797.0,48.0,6,South,1
338,63.0,Female,16431.0,27.0,4,East,1
339,23.0,Female,89603.0,14.0,9,South,0
340,52.0,Male,52481.0,,4,West,0
341,58.0,Female,107573.0,47.0,9,North,1
342,54.0,Male,24557.0,36.0,4,East,1
343,41.0,Male,89971.0,39.0,2,North,0
344,46.0,Male,118302.0,16.0,2,West,0
345,63.0,Male,15162.0,22.0,5,East,0
346,48.0,Male,49742.0,,4,East,0
347,,Male,34675.0,21.0,7,South,1
348,50.0,Male,88997.0,8.0,5,North,1
349,38.0,Male,32015.0,49.0,6,West,0
350,49.0,Male,65057.0,16.0,4,West,0
351,40.0,Male,47591.0,31.0,2,East,0
352,50.0,Female,108583.0,,9,South,1
353,20.0,Female,115318.0,10.0,7,East,0
354,35.0,Female,24833.0,32.0,4,East,0
355,42.0,Male,22896.0,34.0,3,East,0
356,59.0,Female,47972.0,9.0,3,East,1
357,48.0,Female,64733.0,17.0,9,West,0
358,20.0,Female,,11.0,5,West,1
359,57.0,Male,111044.0,32.0,3,East,0
360,,Male,20347.0,10.0,5,East,0
361,41.0,Male,74063.0,22.0,2,South,0
362,49.0,Male,110850.0,17.0,4,East,1
363,64.0,Female,17643.0,4.0,2,West,0
364,39.0,Female,55785.0,48.0,2,North,0
365,40.0,Female,33681.0,47.0,8,West,1
366,19.0,Female,65026.0,25.0,1,South,1
367,,Male,118864.0,21.0,7,West,1
368,59.0,Male,30892.0,37.0,5,North,0
369,,Male,62299.0,38.0,8,East,1
370,,Female,,49.0,1,North,0
371,34.0,Male,117304.0,1.0,7,East,1
372,57.0,Male,45682.0,25.0,5,East,1
373,50.0,Female,112798.0,36.0,4,West,1
374,26.0,Female,111894.0,17.0,7,West,0
375,60.0,Male,29289.0,41.0,2,West,0
376,56.0,Male,22927.0,24.0,1,South,0
377,46.0,Male,,2.0,1,West,0
378,59.0,Male,81707.0,40.0,1,South,0
379,43.0,Male,92454.0,15.0,5,West,0
380,52.0,Male,119646.0,32.0,7,East,0
381,42.0,Female,80428.0,,2,South,0
382,41.0,Female,65601.0,6.0,8,North,0
383,30.0,Female,92465.0,1.0,4,South,1
384,24.0,Male,17539.0,47.0,3,South,1
385,53.0,Female,117263.0,23.0,8,North,0
386,62.0,Male,,39.0,2,South,0
387,37.0,Male,85968.0,17.0,3,East,0
388,18.0,Female,35644.0,34.0,3,West,0
389,25.0,Male,33745.0,41.0,1,North,1
390,63.0,Male,43228.0,29.0,6,West,1
391,,Female,49521.0,9.0,2,East,0
392,,Female,,,1,North,1
393,29.0,Female,41928.0,6.0,2,West,1
394,40.0,Male,33322.0,6.0,6,West,0
395,32.0,Female,,20.0,4,East,0
396,45.0,Female,102896.0,3.0,6,West,0
397,51.0,Male,,17.0,9,East,0
398,,Female,44055.0,49.0,8,South,1
399,49.0,Female,57891.0,12.0,1,East,0
400,40.0,Female,96912.0,48.0,8,South,1
401,39.0,Male,21588.0,47.0,9,North,0
402,42.0,Male,105536.0,45.0,6,West,1
403,39.0,Male,21304.0,1.0,5,East,0
404,,Male,22345.0,,6,East,0
405,59.0,Female,,3.0,6,West,1
406,23.0,Male,39259.0,26.0,9,West,1
407,32.0,Male,106006.0,15.0,4,North,1
408,60.0,Female,103553.0,36.0,2,North,0
409,54.0,Female,30352.0,32.0,9,East,1
410,50.0,Female,48365.0,32.0,2,North,1
411,25.0,Male,34446.0,4.0,9,South,1
412,61.0,Male,17336.0,18.0,2,North,1
413,61.0,Male,77032.0,49.0,8,North,1
414,22.0,Female,90415.0,19.0,9,East,1
415,56.0,Female,112852.0,43.0,9,South,1
416,21.0,Male,113876.0,35.0,9,North,1
417,23.0,Female,22521.0,40.0,2,South,1
418,62.0,Female,86707.0,14.0,4,South,0
419,49.0,Female,38481.0,33.0,7,South,0
420,47.0,Male,33474.0,14.0,2,West,1
421,64.0,Female,61760.0,34.0,1,West,0
422,52.0,Female,,4.0,3,West,0
423,57.0,Male,59629.0,24.0,4,West,1
424,,Male,60232.0,29.0,8,East,1
425,,Female,101544.0,,6,North,1
426,59.0,Female,82169.0,6.0,2,West,1
427,,Male,65669.0,33.0,9,East,1
428,36.0,Male,93021.0,49.0,2,North,1
429,,Female,84184.0,,5,West,0
430,36.0,Female,62945.0,19.0,4,North,1
431,45.0,Female,28140.0,1.0,7,West,0
432,43.0,Female,,5.0,8,East,1
433,54.0,Male,,27.0,5,South,1
434,43.0,Female,83673.0,16.0,5,South,0
435,40.0,Female,80633.0,6.0,2,North,1
436,26.0,Male,91943.0,40.0,8,East,1
437,,Female,111111.0,13.0,2,South,0
438,18.0,Male,93258.0,48.0,6,West,1
439,18.0,Female,27924.0,35.0,8,South,0
440,64.0,Female,84286.0,19.0,6,North,1
441,51.0,Male,108269.0,12.0,4,North,1
442,49.0,Male,,16.0,4,East,0
443,42.0,Female,72326.0,43.0,6,North,1
444,57.0,Female,105023.0,10.0,4,South,0
445,62.0,Female,45651.0,25.0,8,South,0
446,18.0,Male,85202.0,20.0,9,South,0
447,33.0,Female,63777.0,31.0,1,South,1
448,56.0,Male,31994.0,4.0,4,East,1
449,22.0,Male,82263.0,44.0,4,West,0
450,39.0,Female,74634.0,23.0,2,West,1
451,46.0,Male,115158.0,2.0,6,East,1
452,,Female,25800.0,22.0,3,North,1
453,29.0,Female,52823.0,37.0,7,West,0
454,43.0,Female,78878.0,8.0,5,North,1
455,,Female,33708.0,7.0,4,West,0
456,54.0,Female,27819.0,,5,North,1
457,39.0,Male,,,8,East,1
458,46.0,Male,78870.0,,3,South,0
459,31.0,Female,24283.0,19.0,7,North,1
460,45.0,Female,45573.0,18.0,6,South,0
461,22.0,Male,93707.0,16.0,1,North,1
462,64.0,Male,45933.0,8.0,7,North,0
463,47.0,Male,,33.0,7,North,1
464,63.0,Male,87055.0,49.0,1,North,1
465,22.0,Female,25983.0,12.0,9,North,1
466,29.0,Female,111468.0,11.0,6,South,0
467,33.0,Male,111334.0,5.0,2,North,0
468,43.0,Female,33133.0,,5,South,0
469,43.0,Male,,12.0,4,East,1
470,,Female,15781.0,17.0,7,West,0
471,56.0,Male,71700.0,6.0,8,North,0
472,53.0,Female,42624.0,33.0,1,West,0
473,50.0,Male,21823.0,,5,South,0
474,47.0,Male,33489.0,28.0,3,East,0
475,54.0,Female,54961.0,14.0,1,East,0
476,40.0,Male,44118.0,5.0,3,East,0
477,27.0,Female,115417.0,33.0,6,West,0
478,,Female,96816.0,48.0,7,South,0
479,,Male,37263.0,41.0,8,North,0
480,51.0,Female,28565.0,19.0,4,North,1
481,48.0,Female,35354.0,,3,South,1
482,27.0,Female,57951.0,5.0,5,West,0
483,36.0,Female,106179.0,2.0,9,North,1
484,49.0,Female,38648.0,30.0,6,South,1
485,18.0,Male,65729.0,47.0,9,North,0
486,22.0,Female,56971.0,39.0,6,East,0
487,62.0,Female,33658.0,4.0,2,North,0
488,,Female,36253.0,,5,West,1
489,,Female,79166.0,13.0,9,South,0
490,41.0,Female,63563.0,20.0,8,West,1
491,,Male,41390.0,7.0,7,South,0
492,19.0,Female,103664.0,15.0,1,East,1
493,45.0,Male,66578.0,23.0,4,South,1
494,49.0,Male,94025.0,14.0,7,North,0
495,44.0,Male,,,7,North,0
496,37.0,Male,,19.0,6,East,1
497,41.0,Female,21852.0,29.0,8,South,1
498,29.0,Male,109986.0,20.0,6,East,0
499,52.0,Male,17551.0,29.0,3,North,0
500,50.0,Female,86947.0,24.0,4,West,1
501,50.0,Female,76001.0,18.0,3,East,0
502,60.0,Female,64159.0,10.0,1,West,1
503,54.0,Male,66707.0,41.0,5,West,0
504,29.0,Female,48243.0,8.0,1,South,0
505,20.0,Female,36800.0,26.0,1,East,0
506,,Male,90939.0,29.0,2,West,1
507,,Female,72828.0,10.0,4,West,0
508,57.0,Female,22239.0,17.0,6,South,1
509,27.0,Female,21710.0,2.0,8,South,0
510,60.0,Female,36384.0,,3,North,1
511,61.0,Male,36038.0,5.0,1,West,1
512,46.0,Female,55846.0,28.0,3,North,0
513,,Female,102983.0,41.0,3,West,1
514,29.0,Male,82821.0,5.0,5,North,1
515,48.0,Female,52991.0,18.0,4,South,1
516,63.0,Male,94057.0,26.0,4,East,1
517,19.0,Female,21971.0,,9,South,0
518,52.0,Male,44139.0,41.0,7,North,0
519,40.0,Male,100445.0,49.0,4,North,0
520,34.0,Male,92067.0,27.0,3,East,1
521,43.0,Male,95257.0,49.0,6,West,1
522,25.0,Female,99742.0,12.0,3,North,0
523,,Male,,7.0,6,North,0
524,43.0,Female,,3.0,9,North,1
525,27.0,Male,26116.0,10.0,6,East,0
526,43.0,Male,80794.0,34.0,4,South,0
527,51.0,Male,15282.0,,5,North,1
528,58.0,Female,94473.0,35.0,6,East,0
529,24.0,Male,16898.0,16.0,3,North,1
530,,Female,19135.0,,8,West,0
531,62.0,Female,21629.0,24.0,4,East,1
532,28.0,Female,100120.0,10.0,8,North,1
533,46.0,Female,104087.0,38.0,3,East,1
534,53.0,Female,80031.0,22.0,7,North,1
535,42.0,Female,48380.0,26.0,9,South,1
536,38.0,Female,32071.0,43.0,4,North,0
537,53.0,Female,35074.0,39.0,8,East,0
538,27.0,Female,105724.0,27.0,3,West,0
539,54.0,Male,82843.0,29.0,7,West,1
540,26.0,Male,54901.0,47.0,3,West,0
541,41.0,Male,26205.0,38.0,7,North,1
542,52.0,Male,70661.0,20.0,6,South,1
543,52.0,Male,20906.0,27.0,2,North,0
544,,Female,17591.0,41.0,3,West,1
545,35.0,Female,,20.0,6,East,0
546,56.0,Female,78370.0,44.0,4,West,1
547,49.0,Female,95685.0,19.0,6,East,1
548,41.0,Female,,20.0,1,South,0
549,40.0,Female,40150.0,35.0,1,East,1
550,49.0,Female,46852.0,47.0,3,North,0
551,54.0,Male,,2.0,8,North,1
552,29.0,Male,67756.0,30.0,8,North,0
553,30.0,Male,71481.0,34.0,4,East,1
554,40.0,Male,16283.0,22.0,6,North,0
555,42.0,Female,48691.0,3.0,8,North,0
556,52.0,Female,16125.0,6.0,7,North,1
557,58.0,Female,,15.0,7,South,0
558,47.0,Male,41170.0,27.0,4,East,1
559,34.0,Female,23438.0,10.0,9,East,1
560,37.0,Female,35095.0,9.0,6,West,0
561,42.0,Female,31154.0,33.0,3,East,0
562,39.0,Male,23004.0,32.0,5,South,0
563,30.0,Female,24752.0,48.0,5,East,0
564,36.0,Male,,6.0,5,South,0
565,,Male,41819.0,41.0,8,South,1
566,29.0,Male,117168.0,36.0,9,East,0
567,,Male,107051.0,2.0,9,West,1
568,36.0,Female,39217.0,29.0,6,North,0
569,29.0,Male,103708.0,,6,North,0
570,,Male,47994.0,1.0,9,East,0
571,24.0,Female,30036.0,19.0,4,East,1
572,45.0,Female,92275.0,26.0,6,South,0
573,31.0,Male,112756.0,25.0,4,East,1
574,48.0,Female,64416.0,,1,South,1
575,36.0,Male,24587.0,15.0,7,West,1
576,64.0,Male,110665.0,,6,East,0
577,33.0,Male,,48.0,9,North,1
578,22.0,Male,45930.0,21.0,7,North,0
579,52.0,Female,96835.0,22.0,7,East,1
580,29.0,Male,45090.0,36.0,2,South,0
581,42.0,Female,102489.0,34.0,9,North,1
582,38.0,Female,67142.0,30.0,9,South,0
583,53.0,Female,41475.0,25.0,6,East,0
584,40.0,Female,33888.0,45.0,3,East,0
585,33.0,Male,58732.0,28.0,1,North,1
586,56.0,Female,96623.0,1.0,4,East,1
587,62.0,Male,61305.0,49.0,3,West,0
588,59.0,Female,61037.0,45.0,1,West,1
589,56.0,Female,24346.0,4.0,3,North,1
590,31.0,Male,15587.0,7.0,4,West,1
591,48.0,Male,27763.0,49.0,8,South,1
592,22.0,Male,74165.0,9.0,9,North,1
593,52.0,Female,84615.0,36.0,3,North,1
594,40.0,Female,51116.0,19.0,6,South,1
595,46.0,Male,100751.0,1.0,5,West,0
596,60.0,Male,106353.0,10.0,6,West,0
597,28.0,Male,105301.0,36.0,4,West,1
598,35.0,Male,110648.0,9.0,6,North,0
599,64.0,Female,40556.0,45.0,7,North,0
600,29.0,Male,74042.0,,9,West,0
601,26.0,Male,33099.0,42.0,7,East,1
602,27.0,Male,60096.0,32.0,6,West,1
603,61.0,Male,,32.0,1,South,1
604,34.0,Female,28230.0,,2,North,1
605,55.0,Male,44009.0,48.0,1,South,1
606,24.0,Female,85969.0,38.0,9,South,0
607,,Male,48866.0,17.0,9,North,1
608,30.0,Male,99246.0,10.0,7,East,0
609,57.0,Female,91975.0,27.0,2,West,1
610,,Male,,35.0,6,South,0
611,26.0,Female,96557.0,21.0,4,North,1
612,44.0,Female,21416.0,25.0,1,South,1
613,19.0,Male,87516.0,28.0,1,West,1
614,22.0,Female,70915.0,47.0,5,East,1
615,,Female,33058.0,15.0,2,East,1
616,,Female,,4.0,4,East,1
617,55.0,Female,55718.0,29.0,1,North,0
618,36.0,Female,47602.0,9.0,4,North,1
619,25.0,Female,89658.0,27.0,6,East,0
620,62.0,Female,93112.0,26.0,4,West,1
621,18.0,Female,73067.0,19.0,1,West,0
622,39.0,Male,42516.0,28.0,7,North,0
623,34.0,Male,102969.0,17.0,2,East,0
624,24.0,Female,16089.0,43.0,9,West,0
625,42.0,Male,52346.0,41.0,3,West,0
626,,Female,89663.0,42.0,8,West,0
627,21.0,Female,25487.0,20.0,8,North,1
628,53.0,Male,15155.0,,3,East,0
629,23.0,Female,82494.0,40.0,4,South,1
630,48.0,Female,,39.0,2,East,1
631,36.0,Female,119648.0,49.0,4,East,0
632,61.0,Female,53547.0,23.0,9,North,0
633,,Male,43795.0,47.0,2,West,1
634,44.0,Female,70296.0,32.0,3,West,0
635,27.0,Female,36447.0,47.0,4,North,0
636,43.0,Female,51598.0,33.0,5,North,0
637,36.0,Male,56814.0,46.0,1,North,0
638,56.0,Female,105751.0,5.0,7,North,0
639,20.0,Male,90330.0,43.0,7,North,0
640,62.0,Male,113745.0,48.0,9,South,0
641,30.0,Female,102960.0,34.0,4,East,1
642,45.0,Female,78278.0,40.0,6,East,0
643,37.0,Male,70077.0,11.0,2,East,1
644,45.0,Female,,3.0,4,West,1
645,25.0,Male,86906.0,33.0,2,South,1
646,58.0,Male,24528.0,,5,East,1
647,,Female,108812.0,16.0,7,West,0
648,18.0,Female,65100.0,18.0,1,South,1
649,,Male,23179.0,30.0,7,South,1
650,30.0,Male,63781.0,48.0,6,West,1
651,45.0,Male,70267.0,10.0,6,South,1
652,42.0,Male,97379.0,18.0,8,West,1
653,50.0,Female,38952.0,,8,East,0
654,55.0,Female,68798.0,19.0,6,West,0
655,23.0,Female,113696.0,36.0,3,South,1
656,61.0,Female,65939.0,,5,East,0
657,62.0,Female,44516.0,46.0,2,East,0
658,49.0,Male,71526.0,3.0,5,North,1
659,62.0,Female,25449.0,10.0,9,North,1
660,64.0,Female,,38.0,1,South,1
661,38.0,Female,101661.0,1.0,5,West,0
662,33.0,Female,87954.0,27.0,6,West,1
663,,Female,37746.0,46.0,7,South,0
664,28.0,Male,82990.0,8.0,9,East,0
665,54.0,Male,73810.0,46.0,6,South,0
666,53.0,Male,98297.0,42.0,5,South,1
667,52.0,Female,,17.0,7,East,0
668,36.0,Male,87237.0,9.0,1,West,1
669,,Male,17597.0,6.0,5,South,1
670,35.0,Female,80677.0,43.0,2,West,1
671,64.0,Female,,25.0,4,South,1
672,58.0,Female,101516.0,,7,East,1
673,31.0,Male,89567.0,49.0,5,East,0
674,32.0,Male,30037.0,28.0,6,North,0
675,,Female,61738.0,33.0,2,East,0
676,18.0,Female,118965.0,37.0,3,North,0
677,20.0,Male,86678.0,9.0,7,South,0
678,33.0,Male,27109.0,18.0,2,West,1
679,40.0,Female,,21.0,6,East,1
680,28.0,Female,23787.0,2.0,5,East,0
681,29.0,Male,23472.0,43.0,1,East,0
682,,Female,38383.0,38.0,4,South,0
683,49.0,Male,76709.0,40.0,2,North,1
684,33.0,Male,84785.0,36.0,4,South,1
685,,Male,49518.0,43.0,1,West,1
686,55.0,Male,68909.0,37.0,2,South,0
687,29.0,Female,33351.0,15.0,8,West,0
688,41.0,Female,84624.0,28.0,6,East,0
689,45.0,Male,68330.0,18.0,2,West,0
690,25.0,Male,30282.0,34.0,6,West,1
691,45.0,Male,99866.0,22.0,9,North,0
692,53.0,Male,36778.0,11.0,7,West,0
693,,Male,,13.0,9,West,0
694,25.0,Female,74675.0,4.0,5,South,1
695,45.0,Female,20075.0,22.0,7,East,1
696,,Female,,7.0,7,South,0
697,,Female,63454.0,43.0,3,South,1
698,58.0,Male,43365.0,24.0,7,East,1
699,53.0,Male,87766.0,4.0,1,East,1
700,44.0,Male,63200.0,28.0,9,West,1
701,34.0,Male,26002.0,15.0,6,West,1
702,26.0,Male,,1.0,5,North,0
703,50.0,Female,94222.0,3.0,7,South,0
704,37.0,Male,109840.0,14.0,5,East,0
705,30.0,Female,93610.0,38.0,5,West,1
706,45.0,Female,67142.0,1.0,7,East,1
707,46.0,Female,,38.0,7,West,1
708,30.0,Female,,38.0,3,North,1
709,63.0,Male,65085.0,,3,North,0
710,52.0,Female,49228.0,48.0,3,East,0
711,,Female,94676.0,29.0,6,North,0
712,35.0,Female,66875.0,5.0,6,East,0
713,22.0,Male,46655.0,49.0,3,West,0
714,64.0,Male,58472.0,10.0,3,South,0
715,42.0,Male,,28.0,8,North,1
716,19.0,Female,64416.0,,8,West,1
717,27.0,Female,74711.0,7.0,7,South,0
718,47.0,Male,21816.0,3.0,4,South,1
719,62.0,Female,92175.0,45.0,4,South,0
720,,Male,79307.0,47.0,3,West,0
721,50.0,Male,61733.0,20.0,5,West,1
722,18.0,Female,110028.0,19.0,3,East,0
723,35.0,Female,26240.0,35.0,8,South,0
724,49.0,Female,113234.0,4.0,7,South,0
725,64.0,Female,,5.0,3,South,1
726,28.0,Male,113344.0,1.0,9,East,1
727,38.0,Male,86363.0,4.0,5,South,1
728,43.0,Male,47762.0,12.0,9,West,1
729,42.0,Male,23259.0,27.0,7,South,0
730,39.0,Male,65139.0,42.0,7,North,1
731,44.0,Female,29849.0,23.0,6,West,1
732,,Male,96768.0,25.0,2,East,1
733,,Male,104709.0,21.0,9,South,0
734,51.0,Male,69869.0,24.0,6,North,1
735,58.0,Female,78095.0,25.0,8,East,1
736,52.0,Female,85910.0,,1,East,0
737,18.0,Female,101710.0,46.0,5,West,0
738,38.0,Female,38567.0,32.0,1,East,0
739,23.0,Male,50292.0,32.0,8,East,0
740,45.0,Male,89813.0,5.0,8,East,1
741,34.0,Female,112136.0,36.0,1,East,0
742,22.0,Female,66631.0,46.0,9,South,1
743,48.0,Male,24885.0,42.0,2,South,1
744,22.0,Male,74659.0,49.0,9,South,1
745,55.0,Female,69306.0,42.0,1,South,1
746,20.0,Female,81314.0,39.0,9,North,1
747,40.0,Female,80087.0,16.0,4,South,0
748,54.0,Female,,33.0,9,East,1
749,54.0,Male,73929.0,49.0,7,South,1
750,27.0,Male,82028.0,21.0,6,South,1
751,27.0,Male,110998.0,,5,West,0
752,36.0,Female,64812.0,6.0,9,East,1
753,34.0,Female,65500.0,,2,South,1
754,38.0,Male,94151.0,35.0,2,South,0
755,31.0,Male,,39.0,9,South,1
756,26.0,Male,59900.0,22.0,3,North,1
757,63.0,Male,57946.0,41.0,8,South,0
758,18.0,Female,22851.0,5.0,9,West,1
759,62.0,Male,31288.0,42.0,8,East,1
760,30.0,Male,87692.0,23.0,4,East,1
761,21.0,Male,82580.0,17.0,1,South,1
762,18.0,Male,22368.0,12.0,4,South,1
763,57.0,Male,100436.0,23.0,9,South,0
764,49.0,Male,111136.0,16.0,2,East,0
765,51.0,Male,,3.0,3,East,0
766,45.0,Female,106170.0,30.0,8,North,1
767,48.0,Female,,22.0,6,West,1
768,25.0,Female,101497.0,9.0,8,North,1
769,56.0,Female,64879.0,29.0,7,West,0
770,43.0,Male,74871.0,47.0,5,North,1
771,,Female,104388.0,37.0,9,East,1
772,20.0,Female,113646.0,23.0,4,North,1
773,29.0,Male,,13.0,6,West,0
774,,Male,114751.0,32.0,2,South,0
775,61.0,Female,107491.0,,2,West,1
776,22.0,Female,21581.0,47.0,2,South,1
777,47.0,Male,86853.0,48.0,7,East,1
778,47.0,Female,79046.0,23.0,2,West,0
779,34.0,Male,64678.0,45.0,2,North,0
780,64.0,Male,41649.0,17.0,9,West,0
781,40.0,Male,,40.0,7,South,1
782,32.0,Male,97325.0,21.0,3,East,0
783,54.0,Female,29567.0,2.0,3,North,1
784,38.0,Male,95404.0,37.0,7,West,1
785,31.0,Male,104906.0,6.0,5,South,0
786,19.0,Female,111019.0,44.0,6,North,1
787,,Male,76944.0,18.0,8,East,0
788,56.0,Female,,30.0,9,North,1
789,55.0,Female,43803.0,22.0,1,East,1
790,51.0,Female,33230.0,33.0,3,North,0
791,55.0,Male,32862.0,30.0,7,West,1
792,51.0,Female,58355.0,17.0,6,South,1
793,35.0,Female,46259.0,43.0,7,West,1
794,,Male,114075.0,32.0,8,West,1
795,32.0,Female,102445.0,42.0,6,East,1
796,,Female,45795.0,14.0,3,East,1
797,,Female,23770.0,,2,East,1
798,55.0,Female,26093.0,47.0,7,West,1
799,50.0,Female,61571.0,36.0,1,North,0
800,41.0,Male,15193.0,34.0,3,North,0
801,32.0,Female,115311.0,9.0,4,West,1
802,47.0,Female,32569.0,42.0,1,West,1
803,,Male,,28.0,5,South,0
804,34.0,Male,77824.0,11.0,3,East,1
805,22.0,Male,57752.0,14.0,2,East,0
806,46.0,Female,,39.0,3,West,0
807,,Male,57070.0,47.0,8,West,0
808,27.0,Female,100925.0,19.0,6,North,1
809,34.0,Female,55197.0,15.0,7,West,1
810,27.0,Male,17261.0,28.0,6,North,1
811,34.0,Male,108905.0,24.0,6,West,0
812,,Female,41512.0,8.0,3,South,0
813,41.0,Male,21716.0,43.0,8,South,0
814,,Female,101795.0,9.0,7,North,1
815,51.0,Male,43933.0,47.0,7,East,0
816,23.0,Male,19378.0,33.0,6,South,0
817,19.0,Male,55583.0,33.0,5,North,1
818,30.0,Female,100371.0,19.0,8,West,0
819,60.0,Male,44033.0,3.0,5,West,0
820,60.0,Female,39000.0,,9,North,1
821,,Female,90868.0,40.0,9,East,1
822,64.0,Female,57604.0,47.0,1,North,0
823,40.0,Female,83336.0,42.0,6,North,1
824,33.0,Male,,1.0,7,South,0
825,48.0,Female,,29.0,3,North,1
826,28.0,Female,88869.0,34.0,7,North,0
827,33.0,Male,20410.0,,7,West,1
828,25.0,Female,98375.0,1.0,2,South,0
829,21.0,Male,71044.0,34.0,7,West,1
830,57.0,Female,78315.0,29.0,1,West,1
831,21.0,Male,111055.0,48.0,5,East,1
832,42.0,Female,86344.0,47.0,9,East,1
833,20.0,Male,21796.0,13.0,7,South,1
834,49.0,Female,101716.0,48.0,7,South,1
835,20.0,Female,69245.0,49.0,2,East,1
836,44.0,Male,58056.0,29.0,8,East,0
837,46.0,Male,32709.0,39.0,3,East,0
838,49.0,Male,73557.0,24.0,8,East,1
839,36.0,Male,32543.0,26.0,3,East,1
840,38.0,Female,52418.0,17.0,7,West,0
841,,Female,,7.0,2,South,0
842,35.0,Male,,13.0,4,West,1
843,45.0,Female,118001.0,5.0,6,West,0
844,59.0,Male,111038.0,26.0,9,North,0
845,39.0,Male,31724.0,49.0,5,West,1
846,38.0,Female,18828.0,3.0,9,East,1
847,23.0,Female,32087.0,7.0,5,East,1
848,18.0,Female,27605.0,49.0,8,North,0
849,22.0,Female,46337.0,,1,North,1
850,58.0,Female,20482.0,1.0,7,North,1
851,29.0,Female,80333.0,49.0,4,North,0
852,43.0,Female,107541.0,17.0,5,North,1
853,63.0,Male,103296.0,43.0,6,West,0
854,51.0,Male,65952.0,25.0,5,North,0
855,31.0,Male,20463.0,3.0,1,West,0
856,43.0,Male,85448.0,15.0,9,South,0
857,62.0,Male,19648.0,,2,North,0
858,44.0,Female,48623.0,43.0,9,North,0
859,,Male,74156.0,32.0,2,West,1
860,43.0,Male,50634.0,26.0,9,South,1
861,64.0,Male,59602.0,16.0,6,West,1
862,39.0,Male,64334.0,25.0,9,West,0
863,64.0,Male,83648.0,28.0,6,North,1
864,47.0,Male,37054.0,9.0,6,East,0
865,60.0,Male,85028.0,1.0,2,East,1
866,34.0,Female,37207.0,29.0,8,West,0
867,43.0,Female,95650.0,22.0,3,North,1
868,53.0,Male,114821.0,16.0,7,South,0
869,18.0,Female,96554.0,41.0,5,East,1
870,25.0,Female,36386.0,44.0,3,South,0
871,52.0,Female,98276.0,41.0,1,East,1
872,32.0,Female,74518.0,7.0,8,North,0
873,64.0,Male,67781.0,14.0,3,West,1
874,39.0,Female,67780.0,29.0,2,South,1
875,31.0,Female,76440.0,19.0,1,South,1
876,43.0,Female,59199.0,19.0,4,West,0
877,45.0,Male,76035.0,2.0,8,South,0
878,40.0,Male,23210.0,,3,East,0
879,31.0,Male,59363.0,45.0,1,West,0
880,41.0,Male,93279.0,15.0,4,East,0
881,19.0,Male,,3.0,9,East,1
882,62.0,Male,70284.0,11.0,1,North,0
883,43.0,Male,87124.0,46.0,2,East,1
884,,Female,83847.0,30.0,9,North,1
885,24.0,Female,37432.0,40.0,2,South,0
886,20.0,Female,79089.0,18.0,3,South,1
887,64.0,Male,70398.0,48.0,7,North,0
888,,Male,114291.0,,3,East,0
889,63.0,Male,18321.0,32.0,9,West,0
890,60.0,Male,96348.0,8.0,6,West,1
891,64.0,Male,52383.0,22.0,3,North,0
892,62.0,Female,93682.0,6.0,9,South,0
893,35.0,Female,94190.0,12.0,1,South,0
894,,Male,67893.0,47.0,3,West,1
895,52.0,Male,,,1,North,0
896,32.0,Male,81262.0,36.0,2,West,1
897,42.0,Male,18760.0,15.0,8,East,1
898,54.0,Female,37190.0,28.0,7,East,0
899,45.0,Male,82411.0,49.0,2,North,1
900,27.0,Male,38377.0,45.0,2,North,1
901,56.0,Male,61737.0,18.0,9,East,0
902,34.0,Male,84569.0,2.0,6,South,0
903,56.0,Female,53211.0,13.0,5,North,0
904,39.0,Male,,45.0,6,East,1
905,43.0,Male,18744.0,15.0,9,East,0
906,61.0,Female,39995.0,,7,South,1
907,42.0,Female,31977.0,29.0,9,South,1
908,34.0,Female,112938.0,42.0,4,South,1
909,30.0,Male,49542.0,29.0,2,South,1
910,37.0,Male,,3.0,8,West,1
911,42.0,Female,114239.0,19.0,4,South,0
912,21.0,Female,93931.0,,9,West,0
913,27.0,Female,110344.0,14.0,4,North,1
914,20.0,Female,117112.0,40.0,8,East,1
915,58.0,Female,31715.0,4.0,9,West,0
916,62.0,Female,59409.0,11.0,9,North,0
917,35.0,Male,39306.0,31.0,4,North,1
918,64.0,Male,34086.0,43.0,1,West,1
919,53.0,Male,29376.0,32.0,3,North,0
920,64.0,Female,,27.0,9,North,0
921,39.0,Female,86425.0,30.0,4,West,1
922,51.0,Female,118358.0,43.0,5,North,0
923,64.0,Female,51636.0,2.0,7,South,0
924,25.0,Female,101120.0,49.0,5,South,1
925,57.0,Female,66649.0,,4,East,1
926,61.0,Male,49610.0,28.0,2,North,1
927,36.0,Male,25058.0,31.0,2,East,0
928,59.0,Female,89637.0,34.0,4,South,1
929,58.0,Male,93033.0,15.0,9,South,0
930,54.0,Female,85194.0,,8,South,1
931,23.0,Male,91917.0,25.0,3,North,1
932,,Female,,,9,North,0
933,,Female,,8.0,5,South,0
934,,Male,32154.0,9.0,3,East,1
935,23.0,Male,34539.0,37.0,5,East,1
936,54.0,Female,75058.0,48.0,4,West,0
937,50.0,Female,77068.0,45.0,8,South,1
938,39.0,Male,92313.0,39.0,5,East,0
939,38.0,Male,114932.0,32.0,8,South,0
940,23.0,Female,,17.0,9,East,1
941,23.0,Male,48154.0,35.0,4,West,0
942,21.0,Female,21031.0,37.0,7,West,0
943,47.0,Female,108533.0,19.0,2,South,0
944,28.0,Female,86975.0,44.0,6,East,1
945,47.0,Female,,29.0,8,North,0
946,48.0,Male,93928.0,7.0,7,West,1
947,41.0,Male,43669.0,28.0,7,South,1
948,26.0,Male,109475.0,9.0,8,South,1
949,,Male,17282.0,28.0,7,East,0
950,48.0,Male,49624.0,6.0,5,South,0
951,,Male,63438.0,29.0,7,West,1
952,54.0,Male,104900.0,17.0,3,South,1
953,53.0,Female,82534.0,,5,South,0
954,41.0,Male,46705.0,23.0,7,North,1
955,48.0,Male,53244.0,31.0,9,North,1
956,23.0,Female,89964.0,3.0,2,West,0
957,19.0,Male,,,4,East,1
958,37.0,Male,92872.0,,7,North,0
959,,Female,89878.0,36.0,1,East,0
960,,Male,87982.0,42.0,2,West,1
961,21.0,Male,65583.0,37.0,9,North,0
962,32.0,Male,53392.0,22.0,7,East,0
963,23.0,Female,22461.0,42.0,7,North,0
964,47.0,Male,115123.0,12.0,6,West,1
965,55.0,Male,25516.0,42.0,3,West,1
966,19.0,Female,94285.0,,3,North,1
967,32.0,Male,32514.0,11.0,2,East,0
968,,Female,115962.0,,6,South,0
969,25.0,Female,51268.0,8.0,4,South,1
970,,Male,105486.0,40.0,5,North,1
971,62.0,Female,115424.0,40.0,3,East,0
972,61.0,Female,,45.0,6,South,1
973,22.0,Male,90749.0,2.0,3,West,1
974,23.0,Female,76049.0,30.0,8,East,1
975,43.0,Female,77493.0,,9,South,1
976,21.0,Male,51027.0,12.0,4,East,1
977,36.0,Male,108547.0,10.0,9,North,0
978,37.0,Male,,44.0,7,East,1
979,50.0,Female,115127.0,11.0,3,South,1
980,37.0,Male,32858.0,15.0,7,North,0
981,29.0,Female,99162.0,16.0,1,East,0
982,64.0,Female,94003.0,17.0,3,West,0
983,,Female,67395.0,26.0,6,South,0
984,43.0,Female,54758.0,2.0,4,North,1
985,31.0,Female,69312.0,12.0,7,East,1
986,55.0,Female,83670.0,26.0,3,West,1
987,54.0,Female,97279.0,23.0,1,South,1
988,,Male,30434.0,,9,West,0
989,53.0,Male,79047.0,32.0,6,East,0
990,30.0,Female,62775.0,49.0,8,East,1
991,60.0,Female,90769.0,38.0,3,North,1
992,20.0,Male,81677.0,,8,West,1
993,50.0,Female,,3.0,2,North,1
994,23.0,Male,100920.0,38.0,4,South,0
995,27.0,Male,60734.0,,3,North,1
996,22.0,Male,116665.0,30.0,1,South,0
997,40.0,Female,103503.0,1.0,7,East,0
998,27.0,Female,55603.0,30.0,2,East,0
999,61.0,Male,91708.0,45.0,4,West,0
1000,19.0,Male,96926.0,32.0,9,South,1
1001,30.0,Male,83803.0,28.0,6,East,1
1002,,Male,54332.0,21.0,8,West,1
1003,19.0,Male,106703.0,46.0,2,West,1
1004,37.0,Female,,13.0,7,North,0
1005,18.0,Male,108376.0,27.0,6,West,0
1006,,Female,99526.0,36.0,9,East,0
1007,26.0,Male,,7.0,7,North,1
1008,34.0,Female,,22.0,1,South,0
1009,26.0,Female,55379.0,,8,South,0
1010,28.0,Female,32297.0,,3,East,0
1011,32.0,Female,17011.0,15.0,2,East,0
1012,41.0,Female,59014.0,15.0,3,North,1
1013,55.0,Female,26738.0,4.0,6,North,0
1014,52.0,Male,109333.0,32.0,3,East,0
1015,47.0,Female,62498.0,,5,East,1
1016,,Male,26120.0,,6,South,1
1017,22.0,Female,23767.0,24.0,8,South,1
1018,61.0,Female,,20.0,7,South,0
1019,,Male,94239.0,37.0,8,East,0
1020,28.0,Female,15929.0,,3,West,0
1021,26.0,Male,92487.0,12.0,4,East,0
1022,51.0,Male,106575.0,33.0,6,East,1
1023,29.0,Male,110040.0,28.0,7,South,0
1024,52.0,Male,32438.0,8.0,9,East,0
1025,,Female,63515.0,1.0,1,North,1
1026,18.0,Female,20744.0,37.0,8,East,1
1027,57.0,Male,98820.0,22.0,8,East,1
1028,39.0,Female,57417.0,6.0,6,East,0
1029,,Female,22069.0,21.0,4,East,0
1030,25.0,Male,57359.0,32.0,3,West,0
1031,28.0,Female,34799.0,35.0,3,East,0
1032,58.0,Male,113746.0,,6,North,0
1033,54.0,Male,108762.0,5.0,8,North,1
1034,31.0,Female,85188.0,46.0,7,East,1
1035,47.0,Female,104859.0,48.0,1,South,0
1036,52.0,Female,22597.0,6.0,6,West,0
1037,38.0,Male,62093.0,25.0,7,East,0
1038,54.0,Male,52226.0,46.0,7,East,0
1039,22.0,Female,87127.0,40.0,9,East,0
1040,36.0,Female,106369.0,29.0,5,South,1
1041,31.0,Female,92362.0,7.0,1,South,1
1042,43.0,Female,41417.0,,2,South,1
1043,21.0,Male,33693.0,13.0,4,West,0
1044,42.0,Female,94674.0,38.0,5,North,0
1045,,Male,68161.0,18.0,9,West,1
1046,59.0,Male,17169.0,2.0,1,South,1
1047,42.0,Female,,,3,North,0
1048,,Female,37052.0,11.0,5,North,1
1049,57.0,Female,86849.0,33.0,3,South,1
1050,25.0,Male,88851.0,38.0,4,South,0
1051,56.0,Female,23036.0,48.0,3,West,1
1052,57.0,Female,46778.0,27.0,4,South,1
1053,31.0,Male,42734.0,20.0,1,North,1
1054,49.0,Female,38173.0,12.0,8,East,0
1055,55.0,Male,,43.0,4,South,1
1056,50.0,Female,81321.0,31.0,7,South,1
1057,40.0,Male,86675.0,,2,West,1
1058,32.0,Female,,32.0,2,West,0
1059,50.0,Female,,10.0,6,South,0
1060,42.0,Male,40372.0,3.0,2,North,1
1061,34.0,Male,76516.0,45.0,6,North,0
1062,50.0,Female,35538.0,27.0,2,East,1
1063,64.0,Male,78918.0,35.0,4,South,0
1064,19.0,Male,29973.0,31.0,7,West,0
1065,31.0,Male,,15.0,8,North,1
1066,57.0,Male,115240.0,16.0,3,East,1
1067,57.0,Female,74500.0,13.0,9,South,1
1068,56.0,Female,51575.0,49.0,2,North,0
1069,23.0,Male,57261.0,35.0,8,South,1
1070,23.0,Male,42716.0,11.0,8,South,0
1071,20.0,Male,18236.0,21.0,4,North,0
1072,24.0,Male,30848.0,11.0,1,North,1
1073,25.0,Female,17352.0,30.0,1,North,0
1074,59.0,Female,,48.0,2,South,1
1075,32.0,Male,91449.0,,9,South,0
1076,64.0,Male,23556.0,22.0,2,East,1
1077,46.0,Male,101836.0,38.0,2,West,0
1078,50.0,Female,20498.0,31.0,6,South,0
1079,,Male,91118.0,14.0,7,West,1
1080,56.0,Female,65098.0,24.0,7,North,0
1081,44.0,Male,79386.0,49.0,9,South,1
1082,53.0,Female,24569.0,32.0,6,East,0
1083,46.0,Male,71882.0,36.0,8,East,0
1084,55.0,Female,85393.0,32.0,6,West,0
1085,50.0,Male,15340.0,15.0,2,North,1
1086,54.0,Male,58949.0,43.0,1,West,1
1087,44.0,Male,97302.0,35.0,5,North,1
1088,50.0,Female,77443.0,3.0,9,East,1
1089,21.0,Male,106668.0,16.0,8,West,1
1090,39.0,Female,89027.0,5.0,4,East,0
1091,19.0,Female,15138.0,21.0,5,East,0
1092,27.0,Male,15358.0,10.0,5,North,1
1093,22.0,Male,90250.0,19.0,6,West,0
1094,27.0,Male,100376.0,25.0,3,West,0
1095,50.0,Female,114931.0,,5,East,0
1096,55.0,Male,45654.0,29.0,2,East,0
1097,30.0,Female,,19.0,1,North,1
1098,48.0,Female,96532.0,43.0,1,South,0
1099,64.0,Male,70778.0,2.0,7,South,1
1100,53.0,Male,52772.0,10.0,2,East,1
1101,62.0,Male,73478.0,43.0,4,South,0
1102,41.0,Male,79353.0,25.0,5,South,1
1103,32.0,Male,41762.0,,7,South,0
1104,46.0,Male,28283.0,48.0,2,South,0
1105,25.0,Female,78922.0,19.0,6,East,0
1106,22.0,Female,54420.0,23.0,1,South,1
1107,46.0,Female,70568.0,24.0,7,South,1
1108,64.0,Male,100090.0,11.0,9,North,1
1109,21.0,Female,35219.0,46.0,5,East,0
1110,,Female,72169.0,34.0,5,West,0
1111,,Female,115455.0,28.0,4,West,0
1112,19.0,Female,89965.0,5.0,3,North,1
1113,,Female,61840.0,5.0,9,North,0
1114,48.0,Male,59695.0,21.0,5,East,0
1115,53.0,Male,99754.0,,8,West,1
1116,53.0,Female,92988.0,4.0,9,South,1
1117,43.0,Female,,49.0,5,North,1
1118,60.0,Female,33951.0,42.0,9,West,0
1119,44.0,Male,16307.0,,2,East,0
1120,22.0,Male,95388.0,38.0,9,South,0
1121,37.0,Female,105768.0,,4,East,1
1122,28.0,Male,,14.0,6,North,1
1123,27.0,Male,107021.0,11.0,6,West,1
1124,57.0,Female,90774.0,,6,West,1
1125,55.0,Male,53975.0,11.0,2,West,0
1126,23.0,Male,16140.0,18.0,7,West,0
1127,,Female,,27.0,6,South,0
1128,40.0,Male,41421.0,18.0,1,South,0
1129,64.0,Male,16708.0,23.0,2,East,0
1130,43.0,Female,18630.0,11.0,7,South,0
1131,63.0,Male,34595.0,21.0,1,North,0
1132,60.0,Male,91021.0,44.0,1,North,0
1133,29.0,Female,43308.0,,1,West,1
1134,,Female,59789.0,,8,North,1
1135,30.0,Female,70690.0,41.0,4,East,0
1136,57.0,Male,41086.0,25.0,4,South,1
1137,35.0,Female,31859.0,41.0,2,South,0
1138,42.0,Male,22684.0,10.0,1,South,0
1139,50.0,Female,106088.0,22.0,9,North,1
1140,64.0,Male,16207.0,19.0,7,South,0
1141,57.0,Female,61099.0,1.0,4,West,0
1142,60.0,Female,82496.0,7.0,6,West,0
1143,29.0,Female,81093.0,4.0,2,West,0
1144,,Female,44689.0,1.0,7,North,0
1145,53.0,Male,63651.0,15.0,2,South,0
1146,21.0,Female,28893.0,40.0,8,North,0
1147,22.0,Female,112808.0,12.0,8,South,1
1148,54.0,Male,81418.0,22.0,1,East,1
1149,25.0,Female,118065.0,22.0,8,East,0
1150,59.0,Male,75011.0,47.0,2,North,1
1151,45.0,Female,53635.0,17.0,6,West,0
1152,48.0,Female,71115.0,29.0,1,North,0
1153,26.0,Female,110071.0,46.0,5,West,0
1154,46.0,Male,93405.0,14.0,7,South,0
1155,31.0,Female,87702.0,20.0,1,West,1
1156,57.0,Female,93518.0,48.0,2,West,1
1157,58.0,Female,,33.0,7,South,1
1158,39.0,Male,87805.0,43.0,6,East,1
1159,28.0,Male,73954.0,15.0,3,South,0
1160,40.0,Female,,12.0,2,North,1
1161,18.0,Male,94063.0,40.0,4,North,0
1162,63.0,Female,17454.0,20.0,3,North,0
1163,54.0,Female,,30.0,7,North,1
1164,38.0,Female,,38.0,8,North,0
1165,43.0,Female,77154.0,3.0,2,East,1
1166,,Female,27991.0,,7,East,1
1167,53.0,Female,83344.0,26.0,8,West,1
1168,40.0,Female,119946.0,30.0,6,North,1
1169,18.0,Male,,13.0,6,South,1
1170,57.0,Male,51304.0,,1,North,0
1171,32.0,Male,45386.0,2.0,4,East,1
1172,38.0,Male,70220.0,37.0,1,North,1
1173,,Male,84338.0,49.0,4,East,0
1174,26.0,Male,109289.0,38.0,2,West,1
1175,26.0,Male,36083.0,2.0,5,West,1
1176,27.0,Female,33354.0,36.0,9,West,0
1177,43.0,Female,37190.0,26.0,3,East,0
1178,,Female,21142.0,11.0,8,North,1
1179,52.0,Female,43398.0,8.0,3,North,0
1180,42.0,Male,66971.0,44.0,6,South,1
1181,43.0,Male,56862.0,40.0,4,East,0
1182,28.0,Female,113668.0,43.0,8,South,1
1183,55.0,Female,68410.0,,6,West,1
1184,19.0,Male,34503.0,20.0,8,North,1
1185,24.0,Female,63456.0,8.0,1,East,0
1186,35.0,Female,115167.0,29.0,6,South,1
1187,44.0,Female,97035.0,,1,South,0
1188,51.0,Female,23016.0,26.0,1,South,1
1189,44.0,Male,17384.0,30.0,8,North,1
1190,34.0,Female,77320.0,17.0,7,North,1
1191,60.0,Female,30072.0,20.0,3,North,1
1192,,Male,117239.0,16.0,6,East,1
1193,41.0,Male,95018.0,46.0,9,North,0
1194,42.0,Female,55510.0,43.0,7,East,0
1195,24.0,Male,63933.0,7.0,3,South,0
1196,,Female,36826.0,16.0,6,South,1
1197,41.0,Female,83026.0,45.0,4,West,1
1198,50.0,Male,,47.0,3,North,0
1199,46.0,Female,39045.0,48.0,9,South,1
1200,60.0,Female,65876.0,,2,North,1
1201,39.0,Female,107446.0,23.0,1,East,1
1202,43.0,Female,105102.0,24.0,2,South,0
1203,45.0,Male,66919.0,9.0,7,North,0
1204,,Male,,35.0,1,South,0
1205,24.0,Female,42103.0,,6,South,0
1206,34.0,Male,,37.0,7,North,0
1207,37.0,Female,20845.0,42.0,9,South,1
1208,58.0,Female,101698.0,,8,South,1
1209,37.0,Female,51674.0,47.0,6,South,1
1210,39.0,Female,34337.0,31.0,3,South,1
1211,45.0,Female,,8.0,8,East,0
1212,,Male,41943.0,,7,South,0
1213,24.0,Female,92949.0,31.0,3,West,1
1214,18.0,Male,15276.0,30.0,9,South,0
1215,49.0,Male,66151.0,46.0,2,North,1
1216,,Female,32611.0,20.0,3,West,1
1217,47.0,Female,119641.0,39.0,2,East,1
1218,,Female,26944.0,12.0,1,West,1
1219,36.0,Female,67887.0,49.0,4,West,0
1220,49.0,Female,96442.0,,5,West,1
1221,47.0,Male,64847.0,42.0,6,North,0
1222,46.0,Female,73653.0,30.0,5,North,1
1223,62.0,Female,101072.0,29.0,1,North,1
1224,46.0,Male,71622.0,19.0,3,East,1
1225,47.0,Male,42810.0,46.0,1,North,1
1226,33.0,Female,92842.0,11.0,5,North,0
1227,57.0,Male,25503.0,34.0,5,West,1
1228,36.0,Female,99761.0,7.0,6,North,0
1229,35.0,Male,51976.0,44.0,8,South,1
1230,18.0,Male,26590.0,34.0,1,North,1
1231,31.0,Female,25886.0,,4,East,1
1232,64.0,Male,27866.0,38.0,1,East,0
1233,19.0,Male,81624.0,24.0,9,South,1
1234,45.0,Male,83899.0,10.0,7,East,1
1235,47.0,Male,47792.0,32.0,7,East,1
1236,55.0,Male,24764.0,15.0,5,West,1
1237,21.0,Male,101156.0,37.0,7,South,1
1238,18.0,Female,57727.0,20.0,2,West,0
1239,,Female,93471.0,3.0,4,West,0
1240,46.0,Male,23068.0,37.0,7,North,1
1241,56.0,Female,22295.0,40.0,3,South,1
1242,20.0,Female,56160.0,8.0,2,North,0
1243,49.0,Female,26390.0,40.0,2,North,1
1244,27.0,Male,35131.0,44.0,1,West,0
1245,,Female,109754.0,23.0,5,East,1
1246,36.0,Male,90969.0,40.0,6,South,1
1247,,Female,30038.0,11.0,6,East,0
1248,51.0,Male,67327.0,46.0,9,West,1
1249,50.0,Male,108718.0,8.0,4,West,0
1250,40.0,Female,92064.0,29.0,1,West,0
1251,45.0,Female,36281.0,,6,West,0
1252,49.0,Male,69189.0,10.0,5,West,1
1253,,Female,63511.0,39.0,6,West,0
1254,46.0,Female,23605.0,28.0,3,East,0
1255,25.0,Female,115318.0,49.0,2,North,1
1256,18.0,Male,16381.0,36.0,6,East,1
1257,20.0,Male,81634.0,13.0,1,South,1
1258,41.0,Female,34810.0,32.0,7,East,1
1259,40.0,Female,39322.0,36.0,7,West,1
1260,25.0,Female,56869.0,37.0,7,East,1
1261,64.0,Male,47955.0,26.0,1,North,0
1262,54.0,Male,76388.0,22.0,4,South,1
1263,20.0,Female,25207.0,4.0,7,East,0
1264,50.0,Female,102329.0,31.0,9,North,1
1265,45.0,Female,82628.0,18.0,5,East,0
1266,64.0,Female,43220.0,38.0,2,South,0
1267,25.0,Female,99050.0,24.0,7,East,1
1268,51.0,Female,118546.0,23.0,1,West,1
1269,52.0,Male,89085.0,22.0,7,East,0
1270,49.0,Female,37031.0,2.0,6,North,1
1271,41.0,Male,,31.0,7,East,1
1272,31.0,Female,95807.0,11.0,3,North,0
1273,49.0,Female,86312.0,28.0,3,South,0
1274,63.0,Male,74766.0,46.0,7,East,0
1275,60.0,Male,27449.0,32.0,2,South,1
1276,,Male,104833.0,5.0,1,South,1
1277,21.0,Male,71699.0,38.0,9,East,1
1278,54.0,Female,96253.0,10.0,9,North,1
1279,38.0,Male,119769.0,40.0,7,South,0
1280,31.0,Female,61092.0,46.0,7,South,1
1281,,Male,78671.0,24.0,3,East,0
1282,35.0,Female,25350.0,35.0,2,East,1
1283,24.0,Female,,44.0,7,East,1
1284,27.0,Female,115859.0,48.0,9,East,0
1285,24.0,Female,83487.0,23.0,1,East,1
1286,50.0,Female,32622.0,17.0,4,West,1
1287,40.0,Female,85263.0,1.0,6,East,0
1288,38.0,Male,68117.0,31.0,7,North,1
1289,36.0,Female,,31.0,7,South,0
1290,36.0,Male,73394.0,42.0,2,North,0
1291,53.0,Male,,42.0,4,North,0
1292,46.0,Female,,34.0,5,West,0
1293,35.0,Male,38782.0,9.0,1,East,1
1294,19.0,Female,43454.0,22.0,1,South,1
1295,18.0,Male,82904.0,13.0,3,North,1
1296,64.0,Female,30592.0,25.0,3,East,0
1297,22.0,Male,37173.0,48.0,8,East,1
1298,37.0,Female,48204.0,18.0,9,West,1
1299,28.0,Female,50596.0,12.0,1,West,1
1300,59.0,Female,49324.0,40.0,2,West,1
1301,19.0,Female,,,2,South,0
1302,20.0,Male,104400.0,15.0,4,North,0
1303,40.0,Female,45750.0,42.0,2,West,1
1304,29.0,Male,91112.0,15.0,7,West,0
1305,37.0,Male,31566.0,15.0,9,West,1
1306,22.0,Male,22190.0,,7,North,1
1307,54.0,Female,103607.0,,6,North,1
1308,,Male,53333.0,17.0,1,West,0
1309,47.0,Male,95905.0,32.0,9,West,1
1310,26.0,Male,104571.0,9.0,5,East,0
1311,51.0,Female,16589.0,40.0,5,West,0
1312,61.0,Female,40235.0,20.0,6,South,1
1313,52.0,Male,15159.0,,9,South,0
1314,39.0,Female,27145.0,27.0,8,West,0
1315,61.0,Female,95909.0,21.0,8,North,1
1316,41.0,Male,46921.0,18.0,8,East,0
1317,34.0,Male,,,1,North,0
1318,27.0,Female,31237.0,16.0,1,West,1
1319,47.0,Male,23244.0,9.0,8,South,1
1320,63.0,Female,29743.0,12.0,5,East,0
1321,40.0,Female,112102.0,,9,North,1
1322,49.0,Female,61101.0,38.0,2,North,1
1323,34.0,Female,99227.0,19.0,9,West,0
1324,34.0,Female,114532.0,7.0,8,East,0
1325,31.0,Female,71378.0,35.0,9,South,1
1326,26.0,Male,86126.0,48.0,4,West,0
1327,57.0,Male,71071.0,18.0,1,East,1
1328,19.0,Female,86121.0,16.0,1,North,1
1329,62.0,Female,89763.0,39.0,5,West,0
1330,42.0,Female,108814.0,4.0,2,North,0
1331,56.0,Male,119350.0,25.0,8,North,1
1332,26.0,Female,27237.0,32.0,5,West,1
1333,39.0,Male,30649.0,40.0,5,West,1
1334,60.0,Female,52713.0,13.0,2,West,1
1335,63.0,Female,88463.0,45.0,7,West,0
1336,21.0,Male,60409.0,17.0,8,West,1
1337,43.0,Male,63766.0,49.0,1,North,0
1338,46.0,Female,61154.0,37.0,2,South,0
1339,62.0,Female,22016.0,6.0,4,South,1
1340,51.0,Female,94563.0,19.0,5,West,0
1341,40.0,Male,63688.0,13.0,2,North,0
1342,54.0,Male,104678.0,26.0,1,South,1
1343,28.0,Male,69238.0,14.0,9,South,0
1344,23.0,Male,73608.0,31.0,1,South,0
1345,35.0,Male,104081.0,4.0,4,North,1
1346,38.0,Male,46897.0,39.0,2,West,1
1347,59.0,Female,65961.0,8.0,4,West,1
1348,53.0,Female,83703.0,25.0,8,West,1
1349,58.0,Male,59757.0,13.0,8,East,1
1350,55.0,Female,41917.0,32.0,9,East,1
1351,51.0,Female,37736.0,38.0,5,East,1
1352,34.0,Male,42990.0,38.0,7,North,0
1353,54.0,Female,77551.0,28.0,3,South,0
1354,42.0,Male,73161.0,30.0,4,South,1
1355,55.0,Male,94623.0,3.0,9,North,0
1356,29.0,Female,37440.0,28.0,1,North,0
1357,40.0,Male,50205.0,3.0,2,West,1
1358,59.0,Male,95811.0,45.0,5,West,0
1359,39.0,Male,,34.0,3,East,1
1360,38.0,Male,,16.0,2,East,0
1361,44.0,Male,,22.0,1,North,1
1362,48.0,Male,118032.0,32.0,3,East,0
1363,23.0,Male,34008.0,38.0,1,South,0
1364,44.0,Male,86274.0,8.0,1,North,0
1365,57.0,Female,47402.0,8.0,1,North,1
1366,51.0,Female,68384.0,6.0,8,South,0
1367,29.0,Female,20793.0,14.0,3,West,0
1368,62.0,Male,,32.0,1,West,1
1369,24.0,Male,20571.0,35.0,7,South,1
1370,27.0,Female,111867.0,10.0,3,South,0
1371,,Female,31209.0,3.0,8,East,0
1372,34.0,Female,105930.0,12.0,4,North,0
1373,43.0,Male,58148.0,49.0,4,East,0
1374,38.0,Female,106218.0,31.0,5,South,1
1375,45.0,Female,17224.0,29.0,6,East,0
1376,63.0,Male,63695.0,5.0,7,South,0
1377,19.0,Female,47441.0,25.0,4,East,1
1378,60.0,Male,54129.0,41.0,8,East,0
1379,,Male,115252.0,31.0,6,West,0
1380,53.0,Male,,21.0,1,South,0
1381,,Female,107122.0,20.0,1,East,1
1382,46.0,Female,59760.0,39.0,9,North,1
1383,38.0,Male,,22.0,6,East,0
1384,28.0,Female,86854.0,4.0,8,East,0
1385,57.0,Female,109230.0,13.0,7,North,1
1386,28.0,Female,100716.0,45.0,6,South,0
1387,53.0,Female,27180.0,42.0,4,West,0
1388,56.0,Male,113538.0,49.0,7,West,1
1389,57.0,Female,30372.0,20.0,9,West,1
1390,52.0,Male,44796.0,13.0,7,North,1
1391,51.0,Male,73272.0,17.0,1,East,0
1392,64.0,Female,104963.0,36.0,9,South,0
1393,41.0,Male,113826.0,33.0,4,East,0
1394,39.0,Female,108635.0,1.0,3,West,0
1395,22.0,Female,69040.0,15.0,4,East,1
1396,,Male,90357.0,13.0,4,North,0
1397,53.0,Male,86368.0,17.0,2,North,0
1398,64.0,Male,93356.0,24.0,1,South,1
1399,37.0,Male,31211.0,,1,South,1
1400,36.0,Female,20842.0,27.0,8,West,0
1401,52.0,Female,78115.0,45.0,2,South,1
1402,60.0,Female,81852.0,23.0,5,East,1
1403,34.0,Male,60968.0,46.0,4,North,0
1404,62.0,Male,32508.0,,8,North,0
1405,60.0,Male,37005.0,8.0,2,North,0
1406,51.0,Female,69575.0,26.0,9,South,0
1407,26.0,Male,95742.0,,7,North,1
1408,43.0,Female,33971.0,13.0,7,North,1
1409,19.0,Male,40599.0,39.0,1,North,0
1410,26.0,Female,,37.0,2,West,0
1411,26.0,Female,81914.0,49.0,4,West,1
1412,57.0,Male,82055.0,,4,South,0
1413,34.0,Male,,25.0,3,North,0
1414,18.0,Female,,16.0,7,South,0
1415,42.0,Female,20355.0,2.0,8,North,0
1416,60.0,Male,69120.0,18.0,2,North,1
1417,,Male,89619.0,17.0,4,North,0
1418,59.0,Female,53342.0,,3,South,1
1419,42.0,Male,100992.0,39.0,2,South,0
1420,56.0,Female,93860.0,13.0,6,North,0
1421,52.0,Female,17257.0,32.0,4,East,1
1422,20.0,Male,42364.0,29.0,6,South,0
1423,54.0,Male,39972.0,46.0,2,West,1
1424,61.0,Male,41654.0,30.0,4,South,0
1425,61.0,Male,95769.0,,6,North,0
1426,,Male,96423.0,13.0,5,East,0
1427,55.0,Female,44320.0,43.0,3,North,0
1428,51.0,Female,35808.0,21.0,8,West,0
1429,29.0,Male,67389.0,,7,South,1
1430,36.0,Male,110690.0,21.0,3,South,1
1431,54.0,Male,49773.0,48.0,6,North,0
1432,61.0,Female,66168.0,17.0,4,North,0
1433,34.0,Male,,40.0,5,West,1
1434,27.0,Male,91396.0,19.0,5,East,1
1435,64.0,Female,,15.0,7,West,0
1436,29.0,Female,72505.0,9.0,5,East,0
1437,33.0,Male,100896.0,10.0,3,South,1
1438,41.0,Male,33135.0,44.0,5,East,0
1439,,Male,105887.0,,7,East,1
1440,25.0,Female,111035.0,23.0,5,South,0
1441,48.0,Male,,30.0,5,South,1
1442,38.0,Male,38554.0,33.0,9,South,1
1443,34.0,Male,77491.0,9.0,3,West,0
1444,,Female,70621.0,47.0,6,South,1
1445,54.0,Female,73283.0,1.0,1,North,0
1446,,Male,100140.0,44.0,5,South,0
1447,23.0,Male,31923.0,35.0,8,South,0
1448,25.0,Female,62591.0,11.0,5,South,0
1449,42.0,Female,77261.0,34.0,9,East,1
1450,35.0,Female,69336.0,16.0,6,West,0
1451,42.0,Female,89083.0,9.0,8,South,0
1452,29.0,Female,75948.0,32.0,8,West,0
1453,32.0,Female,48002.0,15.0,3,North,0
1454,43.0,Female,95098.0,12.0,7,North,1
1455,58.0,Female,88016.0,33.0,7,South,0
1456,62.0,Female,41672.0,45.0,6,North,1
1457,43.0,Male,19213.0,14.0,7,West,1
1458,,Male,25293.0,8.0,2,East,1
1459,,Male,114977.0,8.0,9,South,0
1460,,Female,70860.0,27.0,1,North,0
1461,33.0,Male,77507.0,12.0,1,West,0
1462,24.0,Female,72134.0,1.0,3,West,0
1463,34.0,Female,17100.0,43.0,3,North,1
1464,40.0,Male,76997.0,40.0,1,West,1
1465,43.0,Female,43172.0,,7,West,0
1466,38.0,Male,35132.0,11.0,4,South,0
1467,39.0,Male,,39.0,2,West,0
1468,24.0,Male,51609.0,43.0,5,North,0
1469,31.0,Female,57965.0,31.0,6,South,0
1470,32.0,Male,23016.0,17.0,9,North,0
1471,24.0,Female,54779.0,33.0,4,East,0
1472,26.0,Male,117797.0,32.0,2,North,1
1473,25.0,Male,46881.0,29.0,5,North,1
1474,40.0,Male,97594.0,21.0,3,South,1
1475,46.0,Female,39472.0,21.0,2,West,1
1476,35.0,Female,,40.0,1,North,0
1477,48.0,Female,,23.0,2,South,0
1478,47.0,Male,115368.0,6.0,6,East,0
1479,56.0,Male,51021.0,22.0,8,South,0
1480,52.0,Female,69131.0,38.0,3,South,0
1481,35.0,Female,39087.0,37.0,9,West,1
1482,59.0,Female,27828.0,45.0,9,North,0
1483,56.0,Female,76610.0,8.0,2,East,1
1484,34.0,Female,111664.0,41.0,8,South,0
1485,31.0,Female,16401.0,49.0,5,North,1
1486,48.0,Male,100179.0,35.0,4,North,0
1487,41.0,Female,,11.0,5,South,1
1488,52.0,Male,107389.0,24.0,4,North,0
1489,61.0,Male,59864.0,49.0,8,South,0
1490,62.0,Female,35307.0,21.0,4,South,0
1491,51.0,Female,117518.0,2.0,6,South,0
1492,20.0,Male,34611.0,40.0,2,East,1
1493,54.0,Female,58791.0,19.0,5,South,0
1494,60.0,Female,26950.0,39.0,6,West,1
1495,57.0,Male,91240.0,28.0,5,North,0
1496,43.0,Male,92403.0,17.0,2,East,1
1497,40.0,Male,17745.0,6.0,7,North,0
1498,61.0,Female,70243.0,19.0,4,East,0
1499,56.0,Male,18866.0,38.0,8,West,1
1500,32.0,Female,47245.0,,7,East,0
